<?xml version="1.0" encoding="UTF-8"?>
<project-private xmlns="http://www.netbeans.org/ns/project-private/1">
    <editor-bookmarks xmlns="http://www.netbeans.org/ns/editor-bookmarks/2" lastBookmarkId="0"/>
    <open-files xmlns="http://www.netbeans.org/ns/projectui-open-files/2">
        <group>
            <file>file:/D:/alternative%20library%20mng/LibraryManagement/src/BookDetails.java</file>
            <file>file:/D:/alternative%20library%20mng/LibraryManagement/src/ReturnBook.java</file>
            <file>file:/D:/alternative%20library%20mng/LibraryManagement/src/Book%20Details.png</file>
            <file>file:/D:/alternative%20library%20mng/LibraryManagement/src/Connections.java</file>
            <file>file:/D:/alternative%20library%20mng/LibraryManagement/src/IssuedBooks.java</file>
            <file>file:/D:/alternative%20library%20mng/LibraryManagement/src/RegisterStudent.java</file>
            <file>file:/D:/alternative%20library%20mng/LibraryManagement/src/IssueBook.java</file>
            <file>file:/D:/alternative%20library%20mng/LibraryManagement/src/Issue%20Book.png</file>
            <file>file:/D:/alternative%20library%20mng/LibraryManagement/src/MainLayer.java</file>
            <file>file:/D:/alternative%20library%20mng/LibraryManagement/src/AddNewBook.java</file>
        </group>
    </open-files>
</project-private>
